Ad title,Keywords
database administrator,my-sql|database
back-end developer,back-end|type-script|nodejs|rest-full-api
junior back-end developer,mongo-db|nodejs|nginx|micro-service
full-stack developer,asp.net|microsoft-sql-server|c#|full-stack|linq
senior java developer,rest-full-api|postgre-sql|nosql|json|soap|redis|database|java
front-end developer,css|jquery|front-end|java-script|git|html
ios developer,swift|xcode|sqlite|imap
senior devops engineer,django|ansible|linux|python
Technical support expert,hosting-support|linux|whmcs|technical-support|network+
senior php developer,symfony|soa|object-oriented-programing|php
senior back-end developer,yii|sql|laravel|php
senior technical expert,documenting|cto|python|scrum|technical-management
product-designer,illustrator|adobe
network developer,network|data-storage|virtualization|elastic-search|dns|cisco|voip|mitel|dhcp
Delphi's developer,server|delphi|object-oriented-programing|sql
front-end developr,css|front-end|java-script|responsive-design|react-redux|react.js|html
full-stack developer,css|front-end|python|full-stack|php|html
php developer,object-oriented-programing|laravel|my-sql|php|mvc
junior laravel developer,laravel|rest-full-api|back-end|bootstrap|git
front-end developer,css|front-end|java-script|bootstrap|html
C ++  developer,qt|linux|c++
senior go developer,kafka|web-socket|go-lang|data-structure|apache
ios developer,ios|swift|xcode|mvvm
senior artificial intelligence expert,tensorflow|matlab|python|weka
back-end developer,mongo-db|microsoft-sql-server|java-script|nodejs|sql
back-end developer,back-end|redis|c#|postgre-sql
Technical Director BACK END,seo|google-ad
android developer,android|java|kotlin
bi expert,power-bi|testsql
devops engineer,devops|git|unit-testing|puppet
android developer,ux|android|blockchain|git|java|kotlin
android developer,git|english|android|kotlin
back-end developer,back-end|java|jpa|sql
wordpress developer,css|jquery|wordpress|java|html
senior system analysis expert,analysing|bpmn|uml
senior web developer,css|php|react.js|sass|html
senior devops engineer,kubernetes|linux|elastic-search|docker|stack
senior c# developer,entity-framework|mvc|asp.net|identity-server
senior back-end developer,my-sql|rest-full-api|php
it support expert,wordpress|seo|site-management
network and security expert,ccna|network-security|network|ccnp
linux expert,ssl|linux|cent-os|network-security|firewall
network expert,network|passive-network|hardware|dns|dhcp|active-network
network expert,network+|network|mcse
software product manager,strategic-planning|product-management|backlog|production
hardware and network support expert,virtualization|passive|mtcna|mtcwe|network-support|achive|ccna|hardware-support|voip
Master of IT,it
java and mobile developer,android|spring|java|mobile-programming
ios developer,ios|swift|design-pattern
Technical support expert,cto|design-pattern|java-script|pwa|nodejs|react.js|technical-management|agile
php developer,php
scrum master,scrum|agile
sql developer,sql
junior front-end developer,git|sass|routing|react.js|react-redux
senior front-end developer,ssr|css|java-script|nodejs|react.js
django developer,python|django|rest-full-api
junior javascript developer,css|next.js|ajax|java-script|html
senior front-end developer,ssr|next.js|react-hook|react-redux|react.js
senior block chain developer,hierarchical|solidity|c#|c++|blockchain
senior back-end developer,jquery|asp.net|microsoft-sql-server|c#|dapper|mvc
artificial intelligence expert,ai|deep-learning|computer-science
android developer,android|json|rest-full-api|android-sdk
senior wordpress developer,css|wordpress|woocommerce|java-script|html
full-stack developer,object-oriented-programing|laravel|jquery|mvp|my-sql|java-script|full-stack|bootstrap|git|html
laravel developer,git|my-sql|laravel|rest-full-api
front-end developer,vue.js|css|front-end|es6|java-script|react.js|html
php developer,laravel|rest-full-api|my-sql|bootstrap|php
cloud engineer,bash|ci|linux|python|cd
laravel developer,object-oriented-programing|css|laravel|rest-full-api|java-script|bootstrap|php|git|mvc|html
senior mobile developer,android-sdk|ios|android|android-studio|objective-c|swift
web developer,entity-framework|object-oriented-programing|web-programming|css|asp.net|microsoft-sql-server|java-script|mvc|html
back-end developer,graphql|go-lang|rest-full-api|back-end|micro-service|haproxy|json
laravel developer,java-script|rest-full-api|laravel|php
Java programmer,agile|linux|scrum|git|react.js|java
.net developer,asp.net|c#|server|core|sql|git
.net developer,asp.net|c#|server|core|sql|redis
back-end developer,css|linux|python|java-script|svn|git|html
java developer,object-oriented-programing|java-spring|unit-testing|my-sql|docker|oracle|java
python data export,css|python|vs-code|json|git|html
nodejs developer,object-oriented-programing|css|postgre-sql|my-sql|java-script|nodejs|html
ui/ux designer,prototyping|wireframing|storyboard
android developer,mvvm|ui|rest-full-api|ux|mvp|android-studio|design-pattern|git|java
front-end developer,css|type-script|java-script|git|react.js|html
xamarin developer,xamarin|c#
data engineer,git|nosql|database|python
react native developer,react-native|java-script
data engineer,kafka|nosql|python|hadoop|luigi|sql|airflow|database|spark
software test engineer,blockchain|unit-testing
back-end developer,back-end|nodejs|linux
php developer,php|mvc|laravel|rest-full-api
full-stack developer,css|laravel|rest-full-api|my-sql|java-script|php|html
C ++  developer,c++|object-oriented-programing|nosql|sql|git
block chain developer,erc20|trc20|solidity|utxo|blockchain
c# developer,server|c#|sql
full-stack developer,css|my-sql|bootstrap|php|html
front-end developer,css|jquery|front-end|java-script|bootstrap|angular|react.js|html
php developer,linux|my-sql|php|git|mvc
.net developer,entity|object-oriented-programing|asp.net|c#|core
wordpress developer,css|jquery|rest-full-api|wordpress|woocommerce|java-script|php|html
php developer,symfony|php
c# developer,entity|asp.net|c#|server|sql
back-end developer,mvc|my-sql|laravel|php
.net developer,entity|css|jquery|asp.net|java-script|c#|mvc|html
laravel developer,git|my-sql|laravel|php
flutter developer,dart|git|flutter|pwa
senior django developer,rust|django|python|c++|git
full-stack developer,git|python
wordpress developer,css|cpanel|photoshop|java-script|html
java developer,spring|object-oriented-programing|linux|design-pattern|git|java
react native developer,react-navigation|fcm|react-hook|react-native|git|react.js|react-redux
database expert and operting system,windows-server|microsoft-sql-server
front-end developer,ssr|material-ui|rest-full-api|bootstrap|react.js
it support expert,seo|database|windows|wordpress
senior it support expert,ccnp|sharepoint|server|administering|switching|mcse|ccna|windows|network+|cisco|mcitp
help desk,active-directory|software-installation|network|microsoft-office
vmware virtualization expert,virtualization-infrastructure|vmware|troubleshooting|veeam|veritas
voip network expert,cisco|voip|elastic-search|troubleshooting
sysadmin expert,chef|network|prometheus|linux|ansible|docker|elk|monitoring|puppet
it support expert,it|instrastrucutre|network|internet
computer technician,network|passive|windows|microsoft-office
linux support,network|linux|server|bash-scripting|monitoring
network expert,active|network|virtualization|passive|mcse|ccna
host and server support expert,virtualization|hosting-support|windows-server|microsoft-sql-server|monitoring
network and security expert,network|network-architecture|firewall|cisco|microsoft
expert in providing demos and software needs assessment,cms-software|website-design
mobile application penetration testing expert,mobile-penetration-testing|ios|android|owasp|penetration-testing-framework
cctv sales expert,cctv|sales|communication-skill
penetration testing expert,os|network|asp.net|owasp|php|security-assesment
information security management system (isms) Expert,network+|isms-implementation|information-security-management-system|security+
cctv installation and maintenance expert,configuration-management|passive|mtcna|cctv|windows|ccna|nvr
computer expert,network|infrastructure|sql
informatics expert,network|virtualization|antivirus|security|windows|microsoft
network technical expert,network|public-relation|support|telephone-support
voice technical expert,lpic|sip|mtcna|tcp-ip|ccna|voip
linux expert,network|nginx|kubernetes|zabbix|ansible|linux|python|haproxy|docker|elk
network and hardware expert,microtik|active-directory|vmware|switching|backup|cisco|veeam|vcenter
network expert,data-center|network|ccnp|security|firewall|monitoring
it expert,it|support|help-desk|troubleshooting
front-end developer,css|front-end|java-script|react.js|html
full-stack developer,css|my-sql|java-script|php|html
full-stack developer,object-oriented-programing|css|jquery|java-script|php|html
flutter developer,flutter|git|kotlin|rest-full-api
flutter developer,css|flutter|git|agile|html
front-end developer,bootstrap|css|html
javascript programmer,java-script|nodejs|koa.js|express.js|database
react native developer,react-redux|react.js
laravel developer,css|laravel|my-sql|java-script|php|html
wordpress developer,illustrator|photoshop|wordpress
mobile application developer,mvvm|mvp|android|ios|mv
software deployment expert,network|web|linux-server|sql|routing
software analyser,documenting|rest-full-api|visio|paradigm|soap|visual|jira|uml|confluence|postman
web developer,vue.js|django|laravel|java-script|nodejs|angular
back-end developer,rest-full-api|database-optimization|my-sql|git|mvc
front-end developer,css|rest-full-api|java-script|angular|bootstrap|responsive-design|sass|html
back-end developer,asp.net|core|scrum|sql|agile
front-end developer,css|jquery|web-api|responsive-design|type-script|java-script|scrum|bootstrap|angular|git|agile|html
front-end developer,css|django|jquery|oopgit|postgre-sql|my-sql|python|java-script|scrum|angular|agile|html
content producer,math|microsoft-powerpoint
sofware support,accounting|icdl|database
full-stack developer,vue.js|object-oriented-programing|css|laravel|rest-full-api|java-script|php|html
front-end developer,css|jquery|ajax|angular|scrum|bootstrap|responsive-design|git|react.js|sass|html
php developer,css|jquery|my-sql|script|bootstrap|php|java|html
sysadmin,virtualization|bash|docker|script|monitoring
front-end developer,react.js|vue.js|java-script
.net developer,rest-full-api|asp.net|c#|server|core|sql|mvc
android developer,android|android-studio
php developer,php|my-sql|laravel|rest-full-api
full stack developer,front-end|back-end|bot-programmimg
senior flutter developer,object-oriented-programing|android|flutter|dart|git
ui/ux designer,sketch|ui|ux|scrum|adobe-xd
wordpress developer,css|wordpress|java-script|php|html
senior front-end developer,css|front-end|java-script|bootstrap|react.js|html
linux expert,cloud|linux|windows-server|python|c++|git|jira
Linux Embedded programming,linux
linux support expert,voip|linux|network|virtualization
linux support expert,containerization|nginx|load-balancing|linux|my-sql|apache
datacenter expert,ccnp|virtualization|waf|vcp|linux|cisco|monitoring|database
junior back-end developer,go-lang|laravel|my-sql|linux|nodejs|php|git
junior sysadmin,linux|virtualization
junior devops engineer,linux|my-sql
junior help-desk,network|linux
senior linux enginner,network|virtualization|zabbix|windows-server|linux|whmcs
junior devops,containerization|virtualization|kubernetes|linux|docker|script|monitoring
hardware design,pcb|qt|linux|image-processing|avr|arm
junior network support,communication-skill|network|microsoft-office|linux|windows
c++ developer,linux|microsoft-sql-server|my-sql|c++|database
python developer,object-oriented-programing|rest-full-api|nosql|python|sql|git
senior django developer,git|python|django|rest-full-api
django developer,django|nodejs|python
senior django developer,django|postgre-sql|my-sql|python|git
python developer,python|rest-full-api|sql
python developer,matlab|python
python developer,django|python
network defensive specialist,microtik|fortinet|siem|firewall|cisco|network+
datacenter network engineer,ccnp|datacenter|nexus|switching|routing
soc expert,security+|soc
senior front-end developer,front-end|type-script|java-script|react-hook|react.js
junior .net developer,web-api|asp.net|microsoft-sql-server|java-script|c#
senior java developer,mongo-db|java-ee|micro-service|sql|java
junior devops engineer,devops
junior front-end developer,front-end|react.js|css|html
front-end developer,css|front-end|java-script|angular|html
junior vue developer,vuex|vue.js|vue-cli|vuetify.js
senior front-end developer,java-script|design-ant|responsive-design|git|react.js
ios developer,ios|swift|cocoapods
senior android developer,rest-full-api|android|android-room|geolocation|kotlin
qa-specialist,rest-full-api|postman
senior vue developer,vue.js|css|es6|java-script|html
junior android developer,android|java
junior embedded linux developer,buildroot|embedded-linux|qmake|open-embedded|makefile
senior front-end developer,webpack|react.js|java-script|react-saga
senior django developer,django|kubernetes|python|container|flask
senior django developer,django|linux|python
senior full-stack developer,vue.js|css|laravel|nodejs|html
senior full-stack developer,vue.js|css|java-script|nodejs|html
junior front-end developer,html|css|java-script
web developer,css|jquery|asp.net|java-script|html
senior android developer,android|rest-full-api|php
junior laravel developer,laravel|linux|php|git|redis
front-end developer,css|jquery|java-script|bootstrap|git|sass|html
senior back-end developer,designing|object-oriented-programing|rest-full-api|micro-service|solod
front-end developer,css|type-script|java-script|angular|html
erp expert,css|microsoft-sql-server|erp|html|t-sql
software support expert,icdl|css|microsoft-sql-server|network+|html
ui/ux designer,sketch|ui|ux|userflow|photoshop|responsive-design|user-stories
devops engineer,gira|jenkins|linux|docker|devops|git
.net developer,back-end|asp.net|c#|rest-full-api
software support expert,microsoft-office|software-support|c#|sql|vb
c c++ developer,iar|keil|gids|c++|piv|c
software expert,css|rest-full-api|ios|android|java-script|html
software analysis and design expert,css|bpms|java-script|sql|html
software testing expert,load-test|sql|test-case|automation-test|performance-test
back-end developer,mongo-db|back-end|nosql|source-control|dynamodb
senior back-end developer,laravel|back-end|android|ios|cloud|my-sql|pwa|php
senior wordpress developer,css|jquery|responsive-design|java-script|php|html
web developer,css|wordpress|photoshop|cms|html
web developer,css|jquery|asp.net|bootstrap|mvc|html
senior wordpress developer,css|wordpress|script|php|java|html
full-stack developer,mongo-db|bdd|elastic-search|redis|tdd
front-end developer,css|es6|java-script|git|html
back-end developer,mongo-db|rest-full-api|java-script|nodejs|json
wordpress developer,css|jquery|wordpress|bootstrap|html
front-end developer,linux|java-script|angular|tabular|react.js|html
web developer,css|jquery|asp.net|microsoft-sql-server|html
back-end developer,graphql|rest-full-api|asp.net|microsoft-sql-server|solid|redis
front-end developer,ssr|csr|es6|java-script|json|nuxt.js|sass|html
wordpress developer,css|jquery|wordpress|java-script|php|html
back-end developer,rest-full-api|automated-testing|nodejs|express.js|database
wordpress developer,ui|ux|bookly|yoast|woocommerce|rating|seo|star|learndash|kk|schema
Java senior programmer,programming|git|java|object-oriented-programming
junior nodejs developer,web-socket|rest-full-api|postgre-sql|java-script|nodejs|scrum|git|express.js
front-end developer,css|jquery|java-script|git|react.js|html
c developer,network-stream|network|c-networking|linux|c++
.net developer,mvc|asp.net|c#
back-end developer,principle|entity-framework|rest-full-api|asp.net|c#|git|database
c# developer,android|microsoft-excel|c#|development|server|sql|microsoft
ui/ux designer ,designing|ux|ui|css|java-script|svg|html
android developer,git|java|android-studio
front-end developer,vue.js|css|jquery|java-script|react-native|react.js|microsoft-visual-studio|git|jira|microsoft|html
front-end developer,entity-framework|css|jquery|rest-full-api|html|asp.net|java-script|c#|angular|git|microsoft|microsoft-visual-studio
back-end developer,django|laravel|python|php|git|java
c# developer,java-script|c#|t-sql
software support expert,bpmn|activity-diagram|rupuse|erd|state-diagram-sequence-diagram|uml
Developer SharePoint,css|jquery|rest-full-api|asp.net|windows-server|microsoft-sql-server|java-script|c#|angular|microsoft-analysis-services|microsoft-visual-studio|react.js|microsoft|html
wordpress developer,css|jquery|wordpress|elementor|woocommerce|seo|photoshop|java-script|bootstrap|html
senior .net developer ,entity-framework|asp.net
Trade intelligence expert,microsoft-excel|microsoft-outlook|microsoft-sql-server
Java developer ,git|java
Linux Administrator,network|firewall|cloud|server-virtualizaation|linux|ci|visualization|devops|cd
back-end developer,django|http|back-end|python|git|flask
front-end developer,css|rest-full-api|state-management-systems|type-script|linux|java-script|git|react.js|html
PHP developer,ux|ui|css|my-sql|cpanel|svn|bootstrap|php|direct-admin|html
c# developer,c#
scrum master,scrum
front-end developer,ui|jquery|laravel|css|java-script|git|html
back-end developer,object-oriented-programing|tfs|css|jquery|azure|web-form|asp.net|microsoft-sql-server|java-script|ajax|bootstrap|responsive-design|git|dnn|html
.net developer,microsoft-sql-server
Software Analysis Expert,microsoft-word|microsoft-excel|microsoft-powerpoint
c# developer,object-oriented-programing|go-lang|microsoft-sql-server|c#|sql|t-sql
c# developer,mvvm|c#|wpf|sql|binding
front-end developer,vue.js|css|jquery|rest-full-api|java-script|git|jira|html
php programmer,mongo-db|vue.js|laravel|postgre-sql|windows-server|microsoft-sql-server|my-sql|php|ubuntu|git|jira
Unity Programmer,adobe-photoshop|git|unity|c#
front-end developer,ssr|material-ui|object-oriented-programing|css|es6|next.js|java-script|ssg|seo|react-redux|react.js|html|middlewares
senior python django developer,vue.js|peer-review|django|rest-full-api|css|linux|python|java-script|sql|git|mvc|html
expert reports,database|pl|sql
.net developer,entity-framework|structure|rest-full-api|nosql|asp.net|c#|data|sql
.net developer,entity|rest-full-api|asp.net|c#|java-script|strong|core|sql|mvc
python developer,django|rest-full-api|postgre-sql|my-sql|python|git|flask
android developer,unit|designing|s-library|api-firebase|android-jetpack|software-testing|design-pattern|solid|git|java|kotlin
wordpress developer,css|html|wordpress
software technical support,asp.net|my-sql|microsoft-sql-server|c#|microsoft-visual-studio|t-sql
.net developer,entity|rest-full-api|asp.net|unit-testing|c#|nodejs|core|git|mvc
scrum master,communication-skill|problem-solving|scrum|decision-making|agile|crisis-management
senior front-end developer,css|context|es6|java-script|scss|react-redux|react.js|html
senior python developer,object-oriented-programing|sql|django|css|jquery|postgre-sql|my-sql|python|java-script|angular|git|html
android developer,studio|androidx|android-sdk|android|jetpack|mvm|git|java
php developer,rest-full-api|ci|java-script|cd|designing|css|jquery|solid|object-oriented-programing|lumen|my-sql|micro-service|version|git|laravel|unit-testing|linux|design-pattern|caching|controlling-systems|soa|react.js|html
full-stack developer,nest.js|orm|entity|css|ui|ux|responsive-design|asp.net|c#|bootstrap|sql|?web-api
front-end developer,ui|rest-full-api|photoshop|react-native|react-redux|react.js|sass
wordpress developer,wordpress
SharePoint Developer,cube|rest-full-api|ssrs|iis|search|sharepoint|power|c#|bi|server|view|json|sql|adfs|nintex|infopath
network administrator,network-administration|ccnp|nexus|asp.net|fortigate|network-security|asa|firepower|wlc
social-media expert,linux|network|microtik|reporting
web-site operator,information-input|website-operator|operator
marketing expert,digital-marketing|microsoft-office|advertising|content-creation
network expert,cisco|network-security|network|es6
network expert,network|network-security|ccna|network+|cisco
ios developer,mvvm|object-oriented-programing|ios|swift|git
soical-media expert,digital-marketing|graphic-design
php developer,css|laravel|back-end|java-script|php|git|mvc|html
network expert,network|troubleshooting|msca|ccna|network+|cisco
network expert,network|mcitp
front-end developer,css|jquery|ui-test|next.js|ajax|java-script|npm|bootstrap|webpack|react-redux|react.js|sass|html
network technician,network|coipsip|lpic|socket-programming|ccna|troubleshooting
network expert,firewall|routing|network|switching
network expert,cisco|network|mcse|ccna
network expert,firewall|network|mtcre|ccna
network expert,network|virtualization|network-security|mcse|mcsa
network expert,network|ccnp|switching|routing|cisco
network expert,cisco|network|ccnp|troubleshooting
network administrator,network|vmware|firewall|routing|cisco
linux hosting technician,network|linux|lpic|hosting-support
network expert,firewall|network|ccna|active-esx
datacenter operations expert,datacenter|network|hosting-support
network expert,active|voip|passive|network
datacenter manager,datacenter|network|passive
datacenter operations expert,network|lpic|linux|dns|troubleshooting|monitoring|mcsa
datacenter operations expert,devops|bash|linux|system-administrator
python-developer cpp-developer,network|linux|python|development|c++
front-end developer,linux|python|c++|c|java
security backup expert,vue.js|css|rest-full-api|es6|java-script|html
security operations center analyst,network|lpic|linux|ccna|network-equipment
software test expert,network|powershell|bash|python|selenium|network-equipment
sales engineering expert,it|e-commerce|security+|ccna|network-equipment
development and planning expert,organization-procedure|strategic-management|strategic-planning|organization-theory|mba
full-stack developer,mvp|ios|front-end|back-end|android|git
back-end developer,asp.net|my-sql|java-script|rest-full-api
full-stack developer,vue.js|cto|java-script|startup|team-working
front-end developer,css|java-script|nodejs|angular|git|html
mobile developer,design-pattern|solid|rest-full-api
back-end developer,object-oriented-programing|rest-full-api|my-sql|design-pattern|redis
seo expert,search-engine
back-end developer,http|laravel|rest-full-api|my-sql|php|git
front-end developer,vue.js|java-script|json|angular|react.js
front-end developer,css|rest-full-api|java-script|scream|angular|git|html
mobile developer,git|react.js|type-script|java-script
qt,automation|qt
content-production,css|wordpress|my-sql|seo|php
java developer,object-oriented-programing|hibernate|jap|rest-full-api
.net developer,rest-full-api|asp.net|sql|http|react.js|clean-code|c
php developer,cms|php
hardware expert,embedded|ros|git|iot
Technical support expert,laravel|front-end|back-end|cto|agile
back-end developer,django|python|php
front-end developer,css|java-script|json|bootstrap|html
windows,game|dmm
wordpress developer,seo|php|wordpress
back-end developer,object-oriented-programing|c#|sql|c|mvc
seo expert,google-analytics|seo|php|adwords|team-working
seo expert,adwords|google-analytics|seo|web-master|php|team-working
back-end developer,back-end|development|linux|c++
web designer,object-oriented-programing|asp.net|microsoft-sql-server|angular|mvc
php developer,css|jquery|rest-full-api|my-sql|java-script|bootstrap|php|html
python developer,microsoft-sql-server|java-script|python|html
laravel developer,css|laravel|my-sql|java-script|php|java
network admin,administering|network|security
network security expert,microtik|isms|kerio|switching|routing|cisco
network expert,lpic|active-directory|vmware|ccna|routing
network technician,active|passive|adsl|wireless
network expert,active|cisco|passive|utm
network technician,network+|passive
uml designer,designing|documenting|modeling|system|rup|scrum|software|git|agile
Windows programmer,object-oriented-programing|c#|server|erd|sql
front-end developer,vue.js|axios|rest-full-api|json|soap|react-redux|sass
electronics specialist,st|python|esp|iot|c|arm|arduino|raspberry-pi
laravel developer,laravel|php
senior software architect,cqrs|code-review|asp.net|design-pattern|c#|solid|clean-code|mvc|object-oriented-programming
.net developer,asp.net|microsoft-sql-server|c#
senior server developer,los|lom|hpe
junior iot developer,it|iot
full-stack developer,object-oriented-programing|c#|multi-thread-programming|sql|mvc
java developer,microsoft-sql-server|micro-service|hibernate|java-spring|spring-security|java-core
front-end developer,prime-ng|type-script|angular
.net core developer,css|web-api|asp.net|microsoft-sql-server|java-script|docker|html
 php developer,laravel|my-sql|yii|php|git
ui/ux designer,sketch|figma|ui|ux|prototyping|adobe-xd
ui/ux designer,figma|ui|ux|prototyping|photoshop|illustrator
front-end developer,front-end|type-script|java-script|angular|git
ui/ux designer,sketch|invision|zeplin|ui-design|adobe-xd
web designer,leamdash|web-design|site-design
senior android developer,mvvm|rest-full-api|android|git|kotlin
back-end developer,mongo-db|rest-full-api|back-end|nosql|nodejs
react native developer,graphql|react-hook|react-native|git|react.js
.net developer,front-end|back-end|asp.net
network expert,network+|help-desk
seo expert,seo|wordpress
full-stack developer,asp.net|microsoft-sql-server|java-script|css
hardware expert,server|network|linux
Network expert,active|for|virtualization|skype|business|vmware|switching|directory|routing|cisco
IT expert,lpic|passive|server|windows|ccna|network+
Expert devoS.,nginx|kubernetes|linux|ci|docker|redis|cd
IT expert,desk|passive|help|vmware|windows|application|network+
IT expert,management|google|media|social|seo|tag|marketing|adwords
Product Manager,ui|ux|firebase|zeplin|map|road|adobe-xd|adobe
network expert,network+|troubleshooting
network passive exper,network|passive|wireless
senior network security and firewall,firewall|network|juniper
react-native developer,okr|java-script|react-native|react.js|reduxios
Expert devoS.,git|openstack|nginx|docker
Linux System Administrator,bash|python|docker|openstack|es5
seo expert,seo
IT expert (IT),help|desk
Expert HelpDesk.,network+|mcsa|mcitp|mcse
Network Expert - Posyo,network|passive
Digital Martdown expert,wordpress|seo|photoshop|development|software|illustrator|adobe
Network expert,network|ccnp|linux|service|switching|routing|ccie
Network Security Expert,radius|ccnp|firewall|antivirus|ise|console|cisco|tacacs+|vpn|mgmt
Network expert,vmware|switching|ccna|troubleshooting|firewall|routing
Network expert,active|directory|rras|server|vmware|dns|windows|network+|dhcp
Network Expert,network+|microsoft|microsoft-office
senior front-end developer,react.js|es6|java-script|es7
senior android developer,mvvm|android|clean-architecture|unit-testing|java|kotlin
junior business-growth,growth|strategic-management|operation|research|business-analysis
market-research analyst,microsoft-excel|microsoft-office|data-analysing|marketing-research
product-owner,customer-experince|product|product-test|scrum|agile
product-manager,product|product-test|product-development|market-research
product-manager,customer-experince|product|planning|product-test|team-working
product-manager,product|product-development|fintech|business-analysis|database
product-owner,roadmap|product|backlog|creativity|product-test|scrum|agile
product-owner,product|product-design|product-development|user-journeys|wireframing
product-manager,product|backlog|okr|documenting|english|kpi|mba
product-owner,product|product-development|scrum|software-backlog-management|agile|team-working
product-manager,product|reporting|b2c|social-media|public-relation|mba
product-owner,product|reporting|documenting|kanban|product-development|agile
product-manager,it|product|b2b|product-development|google-analytics|scrum|sql|mba
product-owner,roadmap|product|roi|user-journeys|marketplace|agile
product-owner,system-design|product|balsamiq|product-development|product-test|uml
product-manager,product|market-research|backlog|creativity|customer-research|scrum
game product-manager,it|product|market-research|project-management|product-development|feasibility-check
junior website support,communication-skill|customer-support|mechanical-engineering|electric-engineering|support
junior sales and marketing,sales|time-management|marketing|public-relation|negotiation-skills|team-working
junior digital-marketing,digital-marketing|cpr|content-marketing|social-media|email-marketing|cpc
network admin,network|passive|network-fundamentals|t-shoot|mcsa
back-end developer,laravel|back-end|my-sql|php|mvc
junior digital-marketing,digital-marketing|campaign-development|seo|analysing|marketing-plan
head marketing,management|strategic-management|team-building|fmcg|team-working
business-growth manager,growth|market-research|okr|effective-communication|sales|business-model
junior strategy,management|strategic-management|critical-thinking|statistic|data|team-working
ar-vr developer,ar|project-management|vr|software-development
wordpress developer,sql|ux|css|wordpress|java-script|php|git|html
software support expert,accurate-consistent|microsoft-office|crm|art-of-expression|team-working
wordpress site support,wordpress|google-analytics|advertising-campaigns|php|content-production
network technical expert,microsoft-operating-systems|hardware|vmware|cisco-switches|san-operating-systems|english
hosting and datacent expert,windows-server-management|panel-management|lpic|debugging|web-concept|network-concept|linux-server|web-problem-analysis|switching|routing
full-stack programmer,socket-programing|ui|rest-full-api|tablet-vie-implementation|ai-plugins
network security equipment sales expert,it|network-concept|security-concept|ccna|network+
network equipment sales expert,customer-orientation|value-creation
ui-ux designer,ui|ux|creativity|graphic-design|idea-maker
artificial intelligence programmer,pytorch|nosql|python|machine-learning|tensorflow|git|deep-learning|data-mining
artificial intelligence programmer,pandas|nummpy|convolutional-networks|python|data-science-libraries|data-visualization
artificial intelligence programmer,risk-analysis|tracking-algorithms|expert-systems-skills|python|systems-design-expert|java
artificial intelligence programmer,pytorch|ai|tensor-flow|linux|python|machine-learning|git|deep-learning|scikit-learn|object-oriented-programming|team-working
digital marketing expert,consulting-advertising-campaigns|content-strategy|online-advertising|business-strategy|strategy-formulation|microsoft-excel|analysis-tools|digital-marketing-campaigns|advertising-campaigns
financial software support expert,accounting-software-analysis|financial-software-support-experience|delphi|accounting-software-deployment|software-testing|microsoft-sql-server|software-analysis|crm-software|ticketing-software
digital marketing strategist,digital-marketing|kpi-regulation|campaign-development|media-planning|analysis-tools|content-planing|proposal-development|social-networking-tools|budgeting-concepts
php-site designer,css|java-script|cms-design|php|html
digital marketing manager,digital-marketing|instagram|sales|website|advertising|marketing
digital advertising expert,video-ads|team-spirit|accurate-result-advertising|social-network|influence-marketing|consistent-result-advertising
full-stack developer ,mongo-db|java-script|nodejs|full-stack|angular|react.js
sql server developer,microsoft-sql-server|t-sql
react-native developer,react.js|java-script|rest-full-api
senior asp.net c# developer,web-form|asp.net|microsoft-sql-server|c#
front-end developer,css|front-end|bootstrap|react.js|html
full-stack PHP developer,full-stack|css|html|php
php developer,object-oriented-programing|lumen|laravel|my-sql|design-pattern|php|object-oriented-programming
front-end developer,graphql|rest-full-api|front-end|java-script|react.js
back-end developer,back-end|entity-framework|c#|rest-full-api
front-end developer,front-end|react.js
full-stack developer,mongo-db|css|nodejs|full-stack|html
sql server dba developer,database|microsoft-sql-server
front-end developer,css|front-end|angular|git|html
senior full-stack developer,css|laravel|jquery|java-script|php|html
full-stack developer,css|wordpress|back-end|php|cms|html
python  developer,python|object-oriented-programing|django
full-stack developer,css|nodejs|full-stack|git|html
internal technical expert,software-troubleshooting|passive-network|kerio|microtek|monitoring-network|network-support|voip
network expert,software-troubleshooting|software-infrastructure|network-troubleshooting|infrastructure-support|installation-software-infrastructure
antivirus technical support expert,antivirus-concept|installation-antivirus|support-antivirus|long-distance-mission|security-concept
 network network-security intern,netwrok|tcp-ip|english|network+|a-plus
firewall technical expert,server-concept|detect-error-logs|ccnp|network-concept|security-concept|vritualization-platform|english|network-troubleshooting|monitoring|network+|firewall-concept
network-security technical expert,netwrok-concept|ccnp|long-distance-mission|security+|ccna|firewall-concept
technical expert,antivirus|security-concept|english|firewall|mcitp
ASP Professional Programmer.Net.,entity|web|css|rest-full-api|asp.net|java-script|c#|server|bootstrap|sql|react.js|microsoft|html
partnership supervisor,analysing|institutional-relations|data-analysing|mba
art studio manager,art-director|designing|art-studio-manegment|graphic-design|photoshop
brand strategy supervisor,planning|advertising|advertising-campaigns|branding|marketing
advertising technology senior specialist,digital-marketing|product-development|data-analysing|advertising|software-engineering
pr/social media supervisor(scet),e-commerce|journalism|writing-ability|social-media|public-relation
graphic designer supervisor,visual-arts|media|photoshop|graphic-designer|after-effects
software engineer,sofware-engineering|rdbms|my-sql|docker|php
fresh graduates (software engineering),java|python|object-oriented-programming
react native developer,xcode|android-studio|java-script|react-native|gradle
data scientist,optimization|python|data-science|analysing|software-development
senior cdn specialist,network|linux|python|senior-cdn|docker
service administration specialist,script-writing|linux|microsoft-sql-server|exchange-server|windows
data engineer,pipeline|python|software-development|java|software-engineering
network engineer,industry-experience|networking-protocols|network-analytics|cisco-routers|network-diagnostic
python developer,cloud-infrastructures|django|python|nameko|software-development
cloud engineer,kafka|rabbit-mq|linux|openstack|cloud-computing|ceph
technical support team lead,management|motivate|leadership|technical-support|computer-science
project management specialist,project-management|management|analysing|leadership
linux system engineer (devops team),linux|my-sql|python|php|openstack|lemp
senior product analyst,it|industrial-engineering|system-analysis|data-analysing|business-analysis|computer-science
business intelligence developer,microsoft-excel|microsoft-access|sql|database-administration|t-sql
employer branding specialist,twitter|instagram|computer-engineer|industrial-engineering|linkedin|mba
asp.net-full-stack-developer,css|asp.net|microsoft-sql-server|java-script|c#|html
 node-js programming-team-manager,mongo-db|nosql|my-sql|micro-service|elastic-search|react.js|redis
programmer,css|asp.net|microsoft-sql-server|java-script|bootstrap
 back-end developer,configuration-management|django|rest-full-api|nosql|my-sql|elastic-search|sql|deploy
delphi developer,my-sql-server|delphi|crystal-report|fast-report|quick-report|t-sql
c# developer,windows-application-programming|my-sql|c#|multi-thread-programming|microsoft-visual-studio
site-backup,it|email|microsoft-word|microsoft-excel|social-media
php developer,visual-basic|css|java-script|php|microsoft-visual-studio|html|t-sql
full-stack developer,vue.js|rest-full-api|my-sql|java-script|angular|bootstrap|php|git|react.js
front-end developer,nebular|material-ui|web|jquery|rest-full-api|type-script|service-web|knockout|bootstrap|angular
.net developer,entity-framework|web-api|front-end|asp.net|c#|git
ios/android developer,ios|android|appstore|android-studio|java
front-end developer,designing|web|ui|jquery|css|ux|asp.net|responsive-design|mvc|html
web developer,entity|asp.net|controller|c#|core|mvc
Hiring software for software,iis|sql|c#|server
android developer,designing|ui|studio|rest-full-api|ux|android|design-pattern|git|java
data scientist,mongo-db|designing|couchdb|django|postgre-sql|nosql|design-pattern|cassandra|sqlÃÂÃÂÃÂÃÂbased
front-end developer,vue.js|designing|ui|css|rest-full-api|ux|java-script|bootstrap|responsive-design|http|react.js|html
senior Software Engineer,mongo-db|designing|couchdb|django|go-lang|rest-full-api|postgre-sql|nosql|design-pattern|cassandra|nodejs|http
Product Designer.,sketch|ui|ux|prototyping|software-testing|illustrator|a&b-testing
QA Specialist.,rest-full-api|front-end|back-end|browser-compatibility|postman
ui/ux designer ,page|ui|ux|responsive-design|navigation
android developer,studio|rest-full-api|firebase|search-engine|picasso|sqlite|scrum|kanban|programming|eventbus|solid|mvc|java|kotlin|mvvm|mvp|git|refactoring|legacy|realm|android|reactive
ui/ux designer,sketch|figma|material-ui|designing|css|prototyping|userflow|photoshop|java-script|adobe-xd|illustrator|wireframing|storyboard|html|adobe
front-end developer,css|type|java-script|c#|script|react.js|java|html
front-end developer,unit|designing|rest-full-api|software-testing|firebase|design-pattern|dart|location|solid|git
front-end developer,designing|css|responsive-design|controller|version|java-script|scss|design-pattern|angular|git|mvc|uml|html
.net developer,entity|rest-full-api|async-programming|programming|nosql|asp.net|micro-service|orms|react.js|soa|core|scrum|sql|blazor|mvc|sass|agile
Unity developer,ecs|toolchain|design-pattern|json|devops|git
.net developer,entity|rest-full-api|linq|domain|agile|unit|designing|asp.net|c#|server|docker|driven|micro-service|core|git|database|software-testing|design-pattern|json|sql
Recruiting programmer with FLOTES FLOTES,dart|ios|java|sql
Hire analyst and programmer T-SQL,qlikview|ssrs|tuning|query|power|bi|performance|ssis|tsql|sass
Software Test Specialist,agile|scrum|issue|tracking
front-end developer,vuex|vue.js|laravel|rest-full-api|creativity|vuetify.js|pwa|spa
expert test,wireshark|tshark|iptable|vpn
.net developer,mvc|asp.net|core|c#
c# developer,mvc|sql|english|winform
back-end developer,entity-framework|object-oriented|mvc|solid-design|data-structure|asp.net|design-pattern|c#|scrum|linq|team-foundations|microsoft-visual-studio
mobile developer,object-oriented-programing|ui|flash-builder|intellij-idea|java-script|xml|sql|mvc
front-end developer,css|jquery|type-script|java-script|html
business intelligence developer,system-analysis|stimul-report|sql|microsoft|t-sql
senior developer,java-script|object-oriented-programming|scrum|linq|microsoft-visual-studio|css|jquery|programming|asp.net|c#|stimul-report|mvc|entity-framework|type-script|solid-design|data-structure|design-pattern|sql|html
full-stack developer,css|jquery|wordpress|my-sql|design-pattern|seo|java-script|network-security|php|mvc|html
process analyst and documentarian,microsoft-word|microsoft-excel|iis|organizational-integrity|powerpoint
content production expert,internet|microsoft-word|photoshop|search-engine|social-network|powerpoint
wordpress developer,web-programming|css|jquery|wordpress|seo|html
Senior Software developer,concurrency|rest-full-api|code-review|nosql|data-structure|ci|socket-programming|git|software-testing|kiss|yagni|software-development|sql|http|dry|software-architecture|java|object-oriented-programming
back-end developer,java-spring|linux|my-sql|web-crawler|regular-expressions
java developer,object-oriented-programing|rest-full-api|oracle|my-sql|micro-service|design-pattern|hibernate|java-spring|git|redis|java
back-end developer,mongo-db|maven|concurrency|socket-programming|test-driven-development|j2ee|couchbase|postgre-sql|nosql|elastic-search|mqtt|java-spring|mvc|ioc|java|my-sql|multi-thread-programming|hibernate|software-development|git|web-application|aop|redis|jpa
java developer,spring-mvc|rest-full-api|xml|json|java-spring|soap
back-end developer,java|hibernate|java-spring|git|jpa
java developer,linux|micro-service|python|unit-integration|devops|network+|java|database
java developer,maven|java-spring|design-pattern|java-script|hibernate|oracle|git|react.js|java
senior java developer,java-script|hibernate|java-spring|react.js|java
c++ developer,arp|ftp|tcp|ethernet|protocol-parser|udp|dns|c++|http|ip|c
python developer,rest-full-api|linux|ci|python|cd
back-end developer,go-lang|rest-full-api|postgre-sql|rdbms|my-sql|python|git|nodejs|scrum|php|vcs|web-service
front-end developer,nebular|jquery|web-api|type-script|knockout|bootstrap|angular|web-service
seo expert,on-page-seo|off-page-seo|wordpress|seo|link-building|internal-seo
seo expert,laravel|wordpress|web-design|seo|photoshop
java developer,mongo-db|scala|network+|database|java
programmer,rest-full-api|asp.net|c#|java-script|sql
web programmer,designing|object-oriented-programing|jquery|rest-full-api|my-sql|design-pattern|script|php|git|java
web designer,css|jquery|java-script|sql|html
developer,ux|ui|laravel|css|seo|java-script|php|git|mvc
senior python developer,web|css|rest-full-api|jquery|type-script|python|java-script|service-web|development|scrum|full-stack|bootstrap|angular|git|agile|html
software support expert,accounting|server|software|sql|database|support
laravel developer,vue.js|object-oriented-programing|css|laravel|jsrestful|php|html
 front-end developer,css|jquery|responsive-design|java-script|ajax|scss|bootstrap|angular|git|react.js|sass|html
full-stack developer,css|jquery|my-sql|java-script|bootstrap|php|html
java developer,jsp|agile|hibernate|git|jira|j2ee|java
senior java developer,principle|rest-full-api|stream|spring|designing|nosql|solid|soap|mvc|java|object-oriented-programing|micro-service|hibernate|oauth2|git|message|queuing|design-pattern|linux|sql
java developer,spring|cryptography|infrastructure|public|of|key|j2se|objectivism|hibernate|concepts|mvc|java
java developer,soap|spring|nosql|rest-full-api
front-end developer,vue.js|css|laravel|java-script|bootstrap|php
front-end developer,graphql|designing|ui|rest-full-api|third-party|java-script|react.js|responsive-design|git|pure|agile
seo content production expert,seo|photoshop
.net developer,vb.net|server|asp.net|sql
asp.net core developer,web-socket|rest-full-api|css|asp.net|controller|signalr|java-script|server|core|docker|sql|git|mvc|html
.net developer,object-oriented-programing|web|ui|designing|sql|back-end|asp.net|software-testing|design-pattern|service|server|responsive-design|git|mvc|refactoring|tdd
front-end developer,css|java-script|git|react.js|html
 it expert,designing|programming|digital|website|marketing
 it supervisor,hardware|network|software
 laravel developer,jquery|scss|bootstrap|git|html
wordpress developer,html|css|jquery|wordpress
seo expert,management|moz|google|map|tag
business intelligence developer,power|bi|data|point|share
business intelligence developer,rest-full-api|cqrs|asp.net|service|core|mvc
ui/ux designer,designing|ui|ux|photoshop|affect|after-effects
data analysis expert,analysing|microsoft-excel|data
website manager,website|analysing|seo|tools
 front-end developer,my-sql|java-script|ajax|php|react.js
programmer,css|jquery|java-script|ajax|html
it expert,network|microtik
network supporter,help-desk
back-end developer,php|yii|rest-full-api|sql
digital marketing expert,ads|google|seo
software supporter,server|erp|c#|sql
 asp.net full-stack developer,css|asp.net|java-script|server|core|sql
vue.js developer,sass|script|bootstrap|nuxt.js|java
 nodejs developer ,nosql|nodejs|script|git|java
 it engineer,management|network|microtik|routing|cisco
 asp.net developer,c#|ef|server|sql|mvc
front-end developer,designing|pwa|responsive-design|jira|html
software developer,telerik|web|rest-full-api|devexpress|microsoft-sql
android developer,high-learning-potential|android|creativity|php|team-working
python developer,microsoft-sql-server|python|java-script|soa|html
front-end developer,css|java-script|bootstrap|git|react.js|html
back-end developer,laravel|rest-full-api|php|git|team-working
react-native developer,android|ios|web-service|react-native|scrum|git
full-stack developer,css|wordpress|java-script|php|mvc|html
sql developer,it|etl|data-warehouse|sql|software-expert|database
c++ developer,html|css|java-script|c++
senior java developer,message-broker|kubernetes|nosql|micro-service|docker|sql|devops|agile
web developer,object-oriented-programing|asp.net|microsoft-sql-server|design-pattern|team-working
php developer,css|laravel|java-script|angular.js|bootstrap|php|git|html
software-backup expert,icdl|microsoft-word|microsoft-excel|microsoft-sql-server|erp|windows|oracle|microsoft-powerpoint|t-sql
front-end developer,vue.js|css|java-script|vuetify.js|less|sass|html
react native developer,object-oriented-programing|debugging|rest-full-api|firebase|design-pattern|java-script|react-native|library?|sqlite|git
full-stack developer,react-native|nodejs
back-end developer,redis|mango-db|rest-full-api|my-sql|design-pattern|yii|php|git|mvc|back-end-development
wordpress plugin writer,ui|jquery|ux|java-script|bootstrap|php|a&b-testing
back-end developer,mongo-db|object-oriented-programing|vue.js|css|jquery|rabbit-mq|nosql|design-pattern|php|git|html
digital marketing intern,graphic|seo|photoshop|wordpress
ios developer,keychain|object-oriented-programing|rest-full-api|ios|git|swiftui|swift|nib|animation|coredata|rxswift|avkit
front-end developer,css|responsive-design|ziplin|php|bootstrap|git|html
vue.js develper,vue.js|css|rest-full-api|java-script|json|nuxt.js|sass|spa|html
front-end developer,graphql|css|react-saga|type-script|nodejs|git
front-end developer,java-script|css|html|angular
senior react.js developer,rest-full-api|async-programming|thunk|es6|authentication|socket-programming|java-script|react-hook|git|routing|error-handling|react-redux
data analysis expert,nosql|my-sql|sql
full stack developer,mongo-db|pwa|nodejs|java-script
c# developer,linq|c#|ef|ddd|angular|mvw|object-oriented-programming
asp.net mvc developer,entity-framework|java-script|microsoft-sql-server|jquery
net core. Developer,css|rest-full-api|web-api|rdbms|nosql|asp.net|c#|java-script|html
full stack developer,soap-rest|object-oriented-programing|css|jquery|asp.net|microsoft-sql-server|c#|core|mvc|html
php developer,web-service-api|laravel|php|git|mvc
Senior wordpress template designer and programmer,ux|ui|jquery|front-end|css|responsive-design|my-sql|seo|java-script|maria-db|php|html
front end developer,css|jquery|ux|photoshop|java-script|bootstrap|html
web developer intern,java-script|english|css|html
back end developer,object-oriented-programing|interface
front-end developer,mvc|asp.net|angular
informatics expert,vmware|hp|ccna|voip
it expert,active-directory|vmware|dns|ccna|dhcp
crm software admin,css|microsoft-excel|c#|crm|sql|html
arm microcontroller programer ,arm|lpc|stm|altium-designer
full-stack developer,css|jquery|microsoft-sql-server|java-script|c#|bootstrap|angular|react.js|html
front-end developer,css|type-script|microsoft-sql-server|angular|html
php developer,my-sql|laravel|php
senior bpms,bpms|my-sql|java-script|php
back-end developer,mongo-db|laravel|my-sql|linux|nodejs|php|git|express.js
front-end developer,vue.js|material-ui|css|java-script|bootstrap|angular|react.js|html
back-end developer,back-end|my-sql|nodejs|php|redis
front-end developer,angular
back-end developer,css|front-end|java-script|scss|less|html
Network expert,network|microsoft-office
full-stack-asp.net-developer,css|asp.net|microsoft-sql-server|java-script|ef
seo expert,search-console|on-page-seo|off-page-seo|trend|analysing|internal-seo|link-building|tag-manager
C # programmer,object-oriented-programing|designing|asp.net|design-pattern|microsoft-sql|core|git
C # programmer,studio|android|c#|java-script|sql|html
front-end developer,nebular|material-ui|jquery|type-script|knockout|bootstrap|angular
Java programmer,spring|orm|css|java-script|java-spring|java|html
front-end developer,java-script|scss|bootstrap|angular|react.js|html
SWIFT programmer,swift|xcode
Employee of IT.,network|windows
front-end developer,css|type-script|java-script|react.js|sass|html
Web designer,css|photoshop|java-script|php|html
network developer,network|mcse
Computer expert (Help desk),help|desk|icdl
ASP.NET Developer,entity|web|rest-full-api|asp.net|c#
React Native Programmer,object-oriented-programing|designing|design-pattern|java-script|react.js
VUE programmer.JS.,java-script|adonis.js|sass|bootstrap|nuxt.js
Expert Technical Support Software,vsphere|vmware|linux|horizon
web developer,network|php
data analyst,python|ux
front-end developer,react.js|html|css|java-script
ios developer,swift|cocoa|ui|ux
software engineer,git|linux|python
ux designer,ux
devops engineer,tcp|rkt|lxc|dns|docker|http|ip
data scientist,kubernetes|nlp|vision|speech|docker
software engineer,git|unix|linux|python
system administrator,rest-full-api|bash|python|sql|web-service
data software engineer ,go-lang|python|scala|sql|java
.net developer,mvc|asp.net|c#|sql
back-end developer,back-end|git|sql
.net developer,object-oriented-programing|rest-full-api|back-end|asp.net|microsoft-sql-server
front-end developer,front-end|java-script|pwa|git|nuxt.js|spa
front-end developer,css|laravel|java-script|php|html
senior front-end developer ,ngrx|ui|ux|java-script|angular|sass
network,network+|microtik
sales and marketing expert,marketing|advertising|content-production|business-services
web developer,programming|gps|web
android developer,material-ui|designing|ui|rest-full-api|ux|volley|jvolleyava
front-end developer,material-ui|designing|ui|ux|css|java-script|bootstrap|html
developer back-end Laravel,object-oriented-programing|laravel|rest-full-api|my-sql|mvc
Flutter developer,ui|rest-full-api|ux|dart|flutter|material-design|git
linux specialist,package-management|configuration-management|lpic|shell-script
senior c# developer,cqrs|asp.net|design-pattern|c#|solid|mvc|object-oriented-programming
software analysis and design specialist,enterprise-architect|bpmn|bizagi|visio|uml
programmer,ios|android|python|angular
php programmer,git|laravel|rest-full-api|php
graphic designer ,digital-marketing|graphic-designer
content production,seo|content-production
content Production,management
programmer,programming|back-end|front-end
software expert,expert|software
Web programmer,html|jquery|css|java-script
Web designer,clustering|docker|postgre-sql
The developer of Java,my-sql|java
IOS programmer,ios|react.js|xcode
ASP programmer.NET MVC.,asp.net|c#|java-script|jquery
C # programmer,side|asp.net|java-script|c#|framework|html
Web programmer,service|rest-full-api|php
Android programmer,android
.net developer,asp.net
Mobile Developer (Flutter / React Native),flutter|git|react.js|java-script
Designer UI / UX,css|photoshop|script|adobe-xd|svg|after-effects|effects|illustrator|java|html|adobe
NET programmer.,server|asp.net|c#|sql
react-js-developer,css|rest-full-api|java-script|pwa|react.js|html
full-stack-laravel-developer,css|my-sql|design-pattern|java-script|bootstrap|php|git|sass|html
junior-web-developer,microsoft-sql-server|c#
advanced-web-developer,css|rest-full-api|enzyme|es6|jest|java-script|html
back-end-developer,my-sql|php
front-end-developer,css|jquery|ajax|java-script|bootstrap|html
senior-programmer,front-end|back-end|asp.net|mcv|core|java
front-end-developer,nebular|jquery|type-script|knockout|bootstrap|angular
front-end-developer,vuex|vue.js|css|jquery|rest-full-api|es6|java-script|html
asp.net-developer,asp.net|microsoft-sql-server
full-stack-asp.net-developer,css|jquery|asp.net|c#|html
full-stack-php-developer,code-igniter|vue.js|css|laravel|my-sql|maria-db|java-script|php|html
full-stack-php-developer,wordpress|front-end|react-native|php|react.js
front-end-developer,jira|css|type-script|es6|git|java-script|object-oriented-programming|pwa|scrum|bitbucket|responsive-design|webpack|socket-io|react.js|react-redux|html
c#-programmer,asp.net|c#
node-js-developer,mongo-db|nest.js|object-oriented-programing|web-socket|rest-full-api|linux|java-script|nodejs|docker|git|mvc
front-end-developer,css|ux|jquery|java-script|angular|php
java-script-developer,java-script
PHP programmer,my-sql|scrum|php|git|agile
WordPress programmer,bootstrap|css|html|php
Programmer # c,object-oriented-programing|web-form|scrum|git|dapper
PHP programmer,object-oriented-programing|designing|laravel|rest-full-api|my-sql|php|git|mvc
Ios senior programmer,ios|swift|xcode|rest-full-api
Java's senior programmer) full-stack,designing|object-oriented-programing|ood|design-pattern|full-stack|java
FRONT - END,css|jquery|front-end|java-script|html
Front - END,react.js|es6|css|java-script
FRONT - END,front-end|git|angular
wordpress developer,css|wordpress|bootstrap|php|html
Programmer FULL - STACK,asp.net|full-stack|c#|core
C # programmer.Net.,asp.net|java-script|c#|angular.js
IOS programmer,swiftui|ios|swift
NET programmer.,jquery|asp.net|c#|angular.js|server|sql|mvc
Artificial intelligence programmer,ai|python
front-end developer,vuex|vue.js|ux|front-end|java-script|webpack
Windows programmer,object-oriented-programing|c#|server|wpf|windows|sql|form
Programmer FULL - STACK,react.js|nodejs|full-stack
back-end developer,cqrs|back-end|asp.net|c#|server|microsoft-sql|tsql
senior front-end developer,vue.js|designing|css|front-end|java-script|responsive-design|html
Programmer # c,css|java-script|c#|sql|html
Web Programmer (# C),object-oriented-programing|asp.net|java-script|c#|server|sql|mvc|html
front-end developer,front-end|html|css|jquery
back-end developer,object-oriented-programing|back-end|java-script|git|java|kotlin
back-end developer,rest-full-api|mvc|back-end|asp.net|c#|java-script|core|blazor|react.js|orms
database-designer(oracle),data-migration|nosql|cassandra|oracle|database
senior .net developer,message-broker|rabbit-mq|code-review|swagger|nosql
data-engineer,relational-database|cassandra|data-science|neo4j|git
laravel-programmer,linux|my-sql|seo|php|responsive-design|git
front-end developer,python|npm|php|webpack|restcss3
sales and marketing expert,sale|telephone-sales|crm|marketing|negotiation-skills
seo-expert,wordpress|google-analytics|keyword-analyzing|seo|google-trends|link-building
crm and guarantee expert,icdl|sale|sale-meeting|crm|negotiation-skills
web-design expert,wordpress|cpanel|seo|java-script|pelesk|team-working
accounting-expert,communication-skill|sepidar-system|industrial-accounting|accounting|public-relation
senior electronic expert,electronic-design|smd|hal|microcontroller|team-working
python-programmer,postjis|django|css|my-sql|python|html
it-specialist,passive-network|iis|kerio|photoshop|crm|wsus|active-network
back-end developer,rest-full-api|back-end|nosql|python|design-pattern
javascript-programmer,express.js|nodejs|es5|java-script
c#-programmer,game-engine|game-developer|c#|unity|java
senior machine-learning engineer,ai|nlp|data-science|machine-learning|scikit-learn
c#-programmer,css|asp.net|c#|angular.js|angular|html
machine-learning specialist,pytorch|ai|tensor-flow|linux|image-processing|git|deep-learning|agile|object-oriented-programming
machine-learning and ai engineer,ai|chatbot|python|data-science|deep-learning
machine-learning expert,web|scrum|rest-full-api
cto,object-oriented-programing|css|seo|virtual-box|distributed-system|react-native|vagrant|docker|devops|html
software-support expert,css|jwt|wordpress|php|team-working
graphist and ui ux designer,ux|ui|css|userflow|photoshop|graphic-design|wireframing
front-end developer,pms|java-script|crs|responsive-design|react.js|comonent-based-architecture
it-expert,wordpress|cctv|network-security|microsoft-services|mcse
ASP programmer.Net Core.,entity|asp.net|c#|server|core|sql|t-sql
Artificial Intelligence Expert (Data Mining - Machine Learning),studio|python|c#|visual|microsoft|t-sql
front-end developer,ux|ui|css|java-script|semantic-ui|react.js|html
NET programmer.,asp.net|database
Java programmer,core|java|database
Programmer and Web Developer,git|my-sql|scrum|php
Image processing expert (AI),opencv|python
software support expert,server|sql
FRONT - END,side|css|server|angular|git|rendering|html
Java developer,spring|git|jira|database|java-core
sales expert,negotiation-skills|techniques|sales|marketing
database expert,principle|t-sql|database|sql
back-end developer,laravel|rest-full-api|back-end|my-sql|git
full-stack developer,css|jquery|full-stack|php|mvc|html
senior python developer,django|drf|mvc|python
web developer,css|jquery|asp.net|c#|web-development
ios developer,ios|swift|xcode
network expert,diagnosis|voip|hardware|network
social media expert,media|social|microsoft-office|photoshop|microsoft
sales expert,microsoft-office|sales|marketing|microsoft|techniques|negotiation-skills
front-end developer,front-end|react.js|java-script
Senior .Net Developer,web|rest-full-api|asp.net|microsoft-sql-server|c#|core
Recruitment of SEO Specialist (Durkari),google-webmaster-tools|google-analytics|microsoft-office|seo
ui ux designer,sketch|ui|ux|photoshop|adobe-xd|illustrator
ui ux designer,ui|adobe-xfdfigma|ux|prototyping|wireframing
flutter developer,flutter|git|dart
react native developer,front-end|es6|java-script|git|react.js
Recruiting Data Analyst and Reporting Specialist,reporting|microsoft-office|data-analysing
machine-learning expert,pytorch|ai|tensor-flow|python|machine-learning
laravel developer,html|css|laravel
wordpress developer,css|jquery|wordpress|web-design|bootstrap|php|html
 ux researcher,ux|creation|journeys|research|persona
ai expert,matlab|ai|python
system analyst,analysing|implementation|system|configuration-management
senior back-end developer,rest-full-api|back-end|microsoft-sql-server|nodejs|php|http
flutter-senior-programmer,vue.js|java-script|flutter|pwa|dart|git|html
c#-senior-developer,entity-framework|asp.net|microsoft-sql-server|c#|microsoft-visual-studio|t-sql
go-developer,traefik|go-lang|web-socket|nsq|nosql|zap|raml|go-kit|jaeger|newsql|xmpp|gin|fx|http
android-developer,rxjava|android-sdk|android-os|data-structure|algorithm|java|kotlin
front-end-developer,vue.js|web-socket|fetch-api|jquery|css|three.js|java-script|strophe.js|rxjs|webrtc|bootstrap|webpack|react.js|d3.js|sass|html
devops-engineer,unix|xen|kvm|virtualization|bsd|qemu|linux|lxc|docker|openstack|cloud-computing
cto-senior-technical-director,go-lang|android-sdk|nosql|buby|data-structure|python|uikit|java-script|algorithm|swift|gin|sql|c|express.js|flask|java
ios-developer,bow|mac|ios|combine|uikit|swiftui|swift|gcd|c|rxswift
sales-and-marketing-manager,forecasting|foresight|marketing
ios-developer,ios|swift|ui|ux
android-developer,android|ui|ux|android-studio
data-scientist,apache-hadoop|ai|scylla-db|machine-learning|nosql|data-structure|algorithm|newsql|voltdb|r&julia|sql|spark|percona
business-intelligence-developer,it|data-warehouse|power-bi|sql
designer,indesign|illustrator|photoshop
android-developer,android-studio|java
c#-developer,winform|mvc|c#|sql
software-installation-and-support-expert,computer-science
back-end developer,mongo-db|graphql|object-oriented-programing|active-mq|rabbit-mq|postgre-sql|asp.net|micro-service|c#|identity-server|cassandra|microsoft-sql|docker|cosmos|git|redis
database-and-server-adminstrator,performance-tuning|rest-full-api|tsql
mobile-app-developer,rest-full-api|android|ios|ci|flutter|cd
network-and-cisco-expert,dcnm|unified-communication|prime|ise|switching|firewall|routing
it-expert,support|wordpress
devops-expert,kanban|postgre-sql|linux|shell-script|orchestration|docker|scrum|trello|jira|container|java
solidworks-programmer,solidworks
front-end-developer,context-api|git|react.js|responsive-design
php developer,wordpress|java-script|php
php developer,css|jquery|my-sql|php|html
back-end developer,postgre-sql|my-sql|linux|python|git
network expert (help desk),network+|cctv|microsoft-office
php developer,database|laravel|php
react-native developer fluent in restful api concepts,react-native|git|ui|ux
wordpress developer,social-network|seo|wordpress
wordpress developer,plugin|wordpress|seo|php
database developer,microsoft-sql|ssms|tsql
pl/sql developer,pl-sql|java-script
php developer,java|css|php
vue.js developer,ux|ui|rest-full-api|css|java-script|bootstrap|html
web designer,css|wordpress|seo|php|html
it expert,firewall|utm|mcse|ccna
web developer fluent in asp.net and c#,asp.net|c#|sql
.net developer,rest-full-api|asp.net|c#|sql|git|t-sql
web designer,css|wordpress|java-script|bootstrap|php|plugin|html
web designer fluent in wordpress and seo,css|wordpress|seo|photoshop|social-network|php|html
skills training expert,digital-marketing|microsoft-office|social-network|wordpress
web and database designer,database|wordpress
developer,mvc|asp.net|microsoft-sql-server|jquery
java-developer,tomcat|jdbc|various-db-server|develop-readable-code|mvc|team-working
programming-expert,rdbs|motivate|regular-hardworking|css|web-api|type-script|asp.net|crystal-report|microsoft-sql-server|c#|time-management|angular|html|team-working
full-stack web developer,working-active-environments|type-script|time-management|team-working
full-stack developer,problem-solving|team-working|ideation|creativity
asp.net developer,ethical|problem-solving|time-management|angular|database|team-working
front-end developer,interest|css|front-end|es6|java-script|nodejs|scrum|php|git|react.js|react-redux|html
software-tester,software-testing
react native developer,react-native|java-script|css|html
senior back-end developer,data-driven|relational-database|front-end|postgre-sql|rdbms|my-sql|handle|linux-system-administration|open-source
mobile-app developer,flutter
.net-developer,n-tier|object-oriented-programing|tfs|css|jquery|front-end|asp.net|software-testing|design-pattern|java-script|scrum|bootstrap|git|agile|html
front-end developer,vue.js|css|rest-full-api|seo|java-script|analytical-thinking|pwa|problem-solving|scrum|json|bootstrap|angular|react.js|html|team-working
unity-developer,game-play|rest-full-api|optimization|implement-effects|assetbundle|ngui|unity|database
back-end developer,web-api|design-pattern|sql
back-end developer,object-oriented-programing|designing|lumen|rest-full-api|laravel|jquery|unit-testing|ci|my-sql|micro-service|java-script|design-pattern|caching|soa|solid|cd
system-analyzer,extraction-processes|documenting|modeling|programming|problem-design|object-oriented-programming|development|analysing|problem-solving|multilayer-distributed-architecture|software-architecture|communication|application-software|database
python developer,django|drf|python|sql|virtualenv|mvc|mvt
front-end developer,type-script|bootstrap|angular.js
front-end developer,designing|ui|rest-full-api|css|web-application|java-script|object-oriented-programming|analysing|json|software-development|react.js|design-techniques|detail-oriented|html
software-analyst,bpmn|stock-market|programming|investment|financial|problem-solving|rup|english|strong-planning|sql|time-management|uml|manage-competing-priorities|multi-tasking|team-working
it-service-desk,communication-skill|problem-analyze|network-infrastructure|itil|microsoft-sql-server|problem-solving|troubleshooting|t-sql
operation-expert,automation|continuous-integration|continuous-learning|documenting|prometheus|kubernetes|alert-manager|linux|ci|development|docker|elk|self-motivated|cd|technically-curious
full-stack developer,css|asp.net|c#|angular.js|mvc|html|t-sql
network master,network-administration
android developer,android|java|kotlin|rest-full-api
software analyst,erp|sql
front-end developer,front-end
"asp-net mvc Developer
",development|mvc|asp.net
programmer,programming|wordpress
software expert,software-support
"mobile application developer
",development|android
c# programer,programming|c#
network expert,kvm|prometheus|bash|zabbix|ansible|python|nagios|vmware|ubuntu|ccna|grafana|proxmox
it network expert,it|network
programmer,programming
Wordpress developer,photoshop|wordpress
scrum master,scrum|master
front-end developer,react.js
back-end developer,rust
full-stack developer,full-stack
back-end developer,nodejs
back-end developer,back-end
seneior software-tester,qa|engineer
phthon developer,python
ui designer,adobe-xd|photoshop|adobe
expert in systems and methods,erp|bpms
network support expert,mcsa|voip|ccna|help-desk
network support expert,software|hardware
network support expert,cisco|microtik
web developer,css|jquery|rest-full-api|type-script|asp.net|java-script|bootstrap|mvc|html
web developer,asp.net|microsoft-sql-server|angular
PHP programmer,java|my-sql|script|php
 c  c++ developer,c|embedded-linux|linux|c++
java developer,spring|sql|git|java|object-oriented-programming
system administrator,java|python|php
DevOps sre,linux|python|devops|c|java
linux developer,c|qt|linux|c++
c++ developer,mfc|qt|c++
software developer,c++|back-end|c#|machine-learning|data-mining
c++ developer,c#|c++
system developer,object-oriented-programing|c++
c++ developer,c++
reactjs developer,react.js|css|html
c++ developer,c|linux|c++
devOps intern,devops|sre
java developer,maven|spring|j2ee|java
c++ developer,qt|my-sql|c++
react intern,ui|ux|bootstrap|react.js|html
ui-ux designer,ux|ui|css
DevOps,devops|load-balancing|docker
front-end,css|java-script|bootstrap|sass|flex
android developer,android|java|studio
FRONT - END programmer,css|git|controller|version|http|https|html
Recruiting developer (Front - End (React,react-redux|react.js|rest-full-api
Net Core FULL - STACK.,reactive|asp.net|c#|solid|tfc|react.js
React JS Front - End Developer,ui|css|rest-full-api|ux|bootstrap|http|html
React programmer.JS.,css|reduce|java-script|responsive-design|git|react.js
EMPTY TITLE,nosql|linux|php|sql
linux expert,cmake|qt|linux|c
java intern,jee|spring|java
pentester intern,metasploit|sans|owasp
web developer,asp.net|c#|css|html
c++ developer,c|embedded-linux|c++
full-stack developer,react.js|laravel|php
Front End Programmer,page|single|jquery|css|front-end|java-script|c#|mvc|html
Programmer # c,asp.net|core|junior|angular
Expert devoS.,nginx|postgre-sql|environment|cloud|zabbix|my-sql|linux|elastic-search|bash|apache|docker|script|git|redis|system-administrator
Android Developer,android|studio
Programming expert,rdbs|reporting|web|css|rest-full-api|type-script|asp.net|crystal|c#|angular|server|core|sql|html
front-end developer,react-redux|css|java-script|version-control|git|react.js|sass|html
UI designer,principle|usabillity|icon|scss|sketch|figma|ux|css|userflow|story|wireframing|logo|svg|adobe|board|prototyping|accessibility|adobe-xd|sass|html
Seo specialist,moz|on-page-seo|off-page-seo|google|search|alexa|planning|ahref|trend|analysing|console|keyword
"
front-end developer",vue.js|css|java-script|scss|bootstrap|git|sass|html
junior windows-software developer,git|tfs|c#|sql
front-end developer,css|java-script|react.js|sass|html
vue-js developer,vue.js|jquery|java-script|scss|bootstrap|nuxt.js|git|sass
system administrator,mongo-db|postgre-sql|linux|python|cent-os|bash-scripting|git|debian
front-end developer,java-script|pwa|react-redux|react.js|mobx
micro-controller developer,lpc|git|srm|arm|c
java developer,spring|nosql|my-sql|react.js|java
flutter developer,ux|ui|rest-full-api|android|ios|flutter|dart
php developer,jquery|rest-full-api|my-sql|java-script|xml|php|soap|html
php developer,symfony|css|laravel|my-sql|java-script|php|html
c++ developer,linux|c++
back-end developer,object-oriented-programing|asp.net|c#|microsoft-sql|git
computer engineer,microsoft-excel|microsoft-office|microsoft-sql-server
word-press developer,wordpress|seo|html|css
asp full-stack developer,rest-full-api|asp.net|c#|wpf|mvc
junior developer,postgre-sql|wordpress|ios|android|my-sql|microsoft-sql-server
delphi developer,delphi
Front End Programmer,vue.js|spa|java-script|responsive-design
back-end developer,task|my-sql|controller|elastic-search|version|php|git|uml
front-end developer,bootstrap|angular
c# developer,my-sql|c#|microsoft-visual-studio
it expert,crm|kerio-control
wordpress developer,photoshop|css|html|wordpress
full-stack developer,asp.net|css|java-script|sql
network expert,mtcna|ccna|mcse|virtualization
it expert,vue.js|ui|ux|css|html
ASP programmer.NET FULL STACK,rest-full-api|asp.net|bootstrap|mvc|api-bpmn
EMPTY TITLE,vue.js|laravel|my-sql|php|react.js
IT expert,react.js|help-desk
front-end developer,wordpress|corel|php
IOS programmer,ui|ux|xcode|map|swift
Android and iOS programmer,camera|flutter|json|git|java
back-end developer,asp.net|my-sql|react.js|php|git|mvc
Wordpress Developer,copywrithing|web|seo|php
PHP Full Stack Developer,html|css|java-script|php
senior front-end developer vue.js,vue.js|css|rest-full-api|front-end|java-script|json|git|html
programmer,web-development|java
back-end developer,asp.net|core
PHP programmer,ui|ux|my-sql|ajax|java-script|git
back-end developer,django|python|java-script
Reactive programmer,ios|pwa|react.js
android developer,designing|object-oriented-programing|android-studio|design-pattern|java
FRONT - END,react.js|query|java-script|angular
The programmer are dominant to php,mongo-db|vue.js|css|nosql|git|html
Web programmer,css|jquery|linux|windows|html
artificial intelligence developer,mongo-db|ai|pandas|cnn|python|numpy|english|git|deep-nlp|data-visualization
senior test and documentation expert,functional-qa|software-testing|documenting|non-functional
front-end developer,css|front-end|es6|java-script|bootstrap|webpack|react-redux|react.js|sass|html
react-native developer,rest-full-api|type-script|java-script|react-native|git
senior javascript developer,es6|java-script|css|html
back-end developer,xp|back-end|asp.net|c#|scrum|agile
Angular's programmer,ionic|nginx|laravel
Senior devpps engineer,rest-full-api|ci|docker|devops|git|cd
React Native Programmer,ui|ux|android|ios|react-native|git
FRONT - END,html|java-script|css|jquery
ios developer,ssh|ios|objective-c|algorithm|ios-sdk|curl|xctest|english|git
web-master,css|wordpress|site-support|web-master|html
C # Windows programmer,c#|sql
Database expert,newsql|nosql|sql
UI designer,adobe-xd|ui|php|ux
front-end developer,hcc|axios|pwa|react-hook
front-end developer,material-ui|css|context|rest-full-api|type-script|es6|sharepoint|java-script|react-hook|responsive-design|react-redux|react.js|html
Angular's senior programmer,authorization|material-ui|designing|async-programming|type-script|authentication|java-script|angular|bootstrap|responsive-design|cross-platform|reactive
NET programmer.,web|rest-full-api|c#|java-script|ef|linq
Database Expert (SQL Server),implementation|designing|etl|data-warehouse|ssis|database|process|t-sql
dotnet developer,css|asp.net|material-design|kendo-ui|bootstrap|angular
senior front-end developer,material-ui|css|context-api|type-script|es6|sharepoint|java-script|react-hook|responsive-design|react-redux|react.js|html
front-end developer,authorization|async-programming|type-script|authentication|java-script|angular|material-design|bootstrap|responsive-design|cross-platform|reactive
dotnet developer,entity-framework|web-api|java-script|c#|linq
database-administrator,etl-process|data-warehouse|ssis|database-design|database-implementation|t-sql
programmer,kubernetes|junior-devops|iis|linux|microsoft-sql-server|docker|ci-cd|elk
penetration tester,web-based-penetration-test|documenting|vulnerability-detection|software-testing|exploit|vulnerability-analysis
java programmer,mongo-db|r&d|java-ee|elastic-search|hibernate-orm|java-spring|back-end-development
java back-end programmer,concurrency|rest-full-api|css|code-review|software-testing|socket-programming|java-script|javadoc|open-api|java-spring|git|html
fpga programmer,pci|ise|jesd204|lvds|fpga|vivado
signal-processing engineer,opencv|python|fpga|signal-processing|matlab
mvc programmer,entity-framework|t-spq|asp.net|java-script|c#
programmer,vue.js|laravel|front-end|back-end|php
software-deployment expert and software support,microsoft-word|microsoft-excel|microsoft-access
content creator,microsoft-word|surfing-ability|writing-ability|seo|content-creation
digital marketer,digital-marketing|seo|advertising|website-administration|content-creation
technical reporter,relational-database|microsoft-sql-server|pl-sql|english|database
software supporter,chem-office|windows-server|microsoft-sql-server|software-support
it engineer,network|sql|english|oracle|microsoft-visual-studio
desktop-and-application-virtualization-expert,group-policy|active-directory|vsphere|vmware|dns|desktop-virtualization|application-virtualization|vdi|dhcp
software supporter,iis|windows-service|microsoft-sql-server
java programmer,jsp|spring-mvc|rest-full-api|hibernate|soap|html
front-end developer,css|rest-full-api|front-end|type-script|java-script|scss|pwa|material-design|bootstrap|angular|sass|html
c++ programmer,linux|software-programming|iso8583|c++|c
system-support-expert,windows-service|configuration-management|rest-full-api|iis|ci|pl-sql|micro-service|docker|web-service|cd
front-end developer,unit|css|type-script|angular|git|html|c
Magento Developer,front-end|back-end|php
senior front-end developer,css|java-script|react-redux|react.js|html
VUE programmer.JS.,vue.js|css|java-script|git|nuxt.js|html
Web programmer,object-oriented-programing|sql|asp.net|core|angular|mvc
Software Engineer,object-oriented-programing|jquery|rdbms|cloud|my-sql|java-script|scrum|docker|php|git|redis|composer
react-native developer,rest-full-api|type-script|xcode|android-studio|java-script|react-native|git
linux system engineer (devops team),go-lang|ruby|bash|my-sql|python|tcp-ip|docker|php|git|salt|purl|c
python developer,object-oriented-programing|django|rest-full-api|ci|python|soa|nameko|docker|devops|git|redis|cd
senior back-end developer node.js,mongo-db|back-end|my-sql|nodejs|docker|tdd
Front End Developer,css|azure|asp.net|java-script|core|devops|git|react.js|html
Web programmer,development|web
front-end developer,mvc|bootstrap|angular
Laravel Senior Programmer,vue.js|laravel|search|my-sql|elastic-search|docker|scrum|php|react.js|agile
Reactive programmer,designing|ui|django|rest-full-api|ux|pwa|react.js
Full Stack Programmer,css|jquery|rest-full-api|ios|android|html
Java FULL STACK programmer,ldap|rest-full-api
Android programmer (MID to Senior),android|json
Her programmer. (MID to Senior),swift|xcode|json
MID TO SENIOR,server|game|json
Python's senior programmer,object-oriented-programing|css|jquery|postgre-sql|java-script|scrum|angular|git|agile|html
front-end developer,rest-full-api|back-end|type-script|asp.net|java-script|solid|angular|reusable
C # Windows programmer,server|query|sql
Net Core programmer.,tfs|front-end|asp.net|c#|server|cor-sql|sql|mvc
Java programmer,spring|programming|core|java-spring|j2ee|java
C# Developer,bpmn|bpms|c#|server|sql|uml|agile
PHP programmer,java-script|css|html|php
senior android developer,android|java|design-pattern
front-end developer,sass|css|html|angular
backend developer,object-oriented-programing|sql|css|jquery|crud|php|mvc|html
asp.net developer,css|asp.net|c#|java-script|html
senior developer,web-design|c++
windows developer,ado.net|microsoft-sql-server|c#
back-end developer,mongo-db|laravel|postgre-sql|linux|php
php developer,php|my-sql|java-script|rest-full-api
reactjs developer,self-management|rest-full-api|scrum|git|react.js
reactjs developer,bootstrap|css|jquery|rest-full-api
php yii2developer ,css|my-sql|java-script|ajax|yii|ui-design|bootstrap|html
vuejs developer,object-oriented-programing|css|jquery|postgre-sql|my-sql|java-script|scrum|angular|git|nuxt.js|html
windows developer,web|rest-full-api|asp.net|service|php
seo analyser,analysing|google|seo|wordpress
front-end developer,ajax|css|html
front-end developer,material-ui|bootstrap
c# developer,asp.net|design-pattern|c#|multi-thread-testing
.net developer,mvc|asp.net|core
wordpress developer,css|jquery|my-sql|php|sql|git|java|html
back-end developer,nest.js|rest-full-api|postgre-sql|type-script|git|version-control|nodejs|socket-io
senior back-end developer (node.js),principle|nest.js|unit|object-oriented-programing|designing|rest-full-api|ci|software-testing|micro-service|architecture|koa.js|solid|git|express.js|cd
back-end developer,css|laravel|rest-full-api|my-sql|java-script|json|php|git|html
android developer,osm|android|json|android-studio
php developer,laravel|rest-full-api|linux|php|git|database
full-stack developer,google-slides|microsoft-office|slack|google-sheets|nodejs|trello|php|react.js
c++ developer,debugging|css|java-script|c++|html
full-stack developer,orm|css|laravel|rest-full-api|unit-testing|my-sql|java-script|git|mvc|html|tdd
senior android developer,mvvm|androidx|android-sdk|mvp|android-lifecycle|android-studio|react-native|material-design|json|git|java
web developer,css|jquery|rest-full-api|microsoft-sql-server|soap-web-service|c#|java-script|ado.net|dapper|html
senior nodejs developer,nosql|nodejs|sql
senior web developer,hava|php
php developer,mongo-db|css|my-sql|php|html
intern front-end developer,css|java-script|bootstrap|react.js|html
junior software testing expert,git|software-testing
senior back-end developer,jira|java-spring|jsx|react.js|java
senior .net developer,management|orm|asp.net|my-sql|xml|microsoft-sql|jdbc
senior front-end developer,css|rest-full-api|git|react.js|react-redux
senior web developer,css|asp.net|angular|sql|html
junior sql server expert,designing|iis|c#|server|sql|database|replication
senior front-end developer,react.js|vue.js|angular
junior front-end developer,css|java-script|angular|react.js|html
senior python developer,my-sql|python|docker|git|flask
senior back-end developer,mongo-db|graphql|go-lang|my-sql|micro-service
junior front-end developer,type-script|next.js|java-script|webpack|react.js
junior asp.net developer,asp.net|css|html
junior .net core developer,web-service|asp.net|ui|ux
junior c++ developer,qt|c++
senior front-end developer,react-redux|react.js|css|html
senior nodejs back-end developer,front-end|react.js|nodejs|java-script
senior front-end developer,css|react.js|json|angular.js
senior asp.net back-end developer,graphql|asp.net|design-pattern|c#
unity developer,unity|c#
javascript ftont-end developer,ux|ui|jquery|css|microsoft-sql-server|seo|java-script|angular|php|sass|html
fullstack asp.net developer,entity-framework|css|web-api|asp.net|java-script|ef|sql
web developer,object-oriented-programing|asp.net|microsoft-sql-server|design-pattern|english
.net developer,asp.net|microsoft-sql-server|c#|ef
fullstack developer,css|asp.net|my-sql|android-studio|python|java-script|php|html
pro asp.net developer,entity-framework|css|web-api|asp.net|microsoft-sql-server|java-script|c#|bootstrap|react.js|html
front-end developer,bootstrap|java-script|css|html
c# developer,performance-tuning|object-oriented-programing|legacy|microsoft-sql-server|design-pattern|winform|scrum|git|dapper
front-end developer,css|java-script|bootstrap|git|html|team-working
php developer,laravel|my-sql|jquery|php
wordpress developer,web-service|wordpress
front-end developer,vue.js|css|rest-full-api|type-script|java-script|bootstrap|angular|git|react.js|sass|html
nodejs fullstack developer,mongo-db|web-socket|css|java-script|angular|nodejs|bootstrap|responsive-design|html
windows developer,delphi|t-sql
android developer,java|android-studio|rest-full-api
full-stack developer,wordpress|java-script|php|web-service|plugin|team-working
c# fullstack developer,web-api|xamarin|asp.net|microsoft-sql-server|c#|signalr|soap|git|nuget|winapp
c# developer,rest-full-api|microsoft-sql-server|c#|web-service|team-working
.net-core developer,debugging|object-oriented-programing|rest-full-api|software-testing|c#|scrum|clean-code|git|t-sql
web developer,ms|designing|web|structure|programming|asp.net|c#|server|service|full-stack|sql
UI-UX designer,webpack|bootstrap|css|jquery
php programer,laravel
technical site development and support,google|css|yoast|seo|java-script|ads|analysing|html
web developer and technical support,direct|wordpress|elementor|cpanel|woocommerce|administering
full stack .net web developer,programming|asp.net|c#|server|sql|devops|git|agile
android java developer,postgre-sql|android|ee|oracle|java
front-end developer,css|java-script|bootstrap|responsive-design|html
python developer,postgre-sql|python|sanic|socket-io|flask
react native developer,designing|design-pattern|java-script|react-native|react-redux|react.js
full-stack developer,designing|design-pattern|scrum|full-stack|agile
web developer,wordpress|java-script|analysing|php|html
web developer,vue.js|rest-full-api|ccs|angular|react.js
back-end developer,web|rest-full-api|asp.net|server|sql|mvc
network software engineer,ai|big-data|network|bash|python|data-science
c++ developer,network|software-testing|linux|python|c++|git
junior devops engineer,devops|network|linux|python
ui-ux designer,google-material-design|ui|ux|google-analytics|heap|adobe-xd|ux-research
front-end developer,vue.js|css|type-script|java-script|pwa|nuxt.js|html
php programmer,object-oriented-programing|laravel|rest-full-api|elastic-search|php|git|mvc|redis|database
back-end developer,ai|object-oriented-programing|django|web-api|back-end|docker|git|jira
c# programmer,css|microsoft-sql-server|java-script|c#|html
laravel programmer,vue.js|css|laravel|full-stack|php|html
front-end developer,java-script|jquery|css|html
front-end developer,css|java-script|web-service|scrum|git|react.js|react-redux|agile|html
web developer,asp.net|java-script|c#|mvc|html
wordpress expert,c-panel|css|graphic-software|wordpress|seo|php|direct-admin|html
back-end developer,spring|rest-full-api|back-end|web-service|json|git|j2ee|java
front-end developer,css|jquery|async-programming|ajax|java-script|bootstrap|html
back-end developer,laravel|rest-full-api|my-sql|web-service|php|git|mvc|database
front-end developer,vue.js|css|jquery|less|bootstrap|git|sass|html
content production expert,css|english|seo|wordpress
devops expert,kubemeties|network|zabbix|linux|docker|english|devops
bi expert,power-bi|tsql
java developer,orm|css|rest-full-api|my-sql|maria-db|java-script|java-spring|git|database|java|html
react-native,ux|front-end|android|java-script|react-native
flutter programmer,dart|flutter|front-end|ux
action-script programmer,adobe-flash|adobe-animate|actionscript
java programmer,network|linux|micro-service|python|docker|devops|selenium|database
full-stack developer,nodejs|bootstrap|angular
flutter developer,flutter|scrum|agile
front-end developer,bootstrap|jquery|angular
ios developer,ios|swift|rest-full-api
front-end developer,css|type-script|java-script|react.js|html
